{
  "lang":"en",
  "name":"pipeline",
  "version":"0.0.0",
  "spacy_version":">=3.8.2,<3.9.0",
  "description":"",
  "author":"",
  "email":"",
  "url":"",
  "license":"",
  "spacy_git_version":"63f1b53",
  "vectors":{
    "width":0,
    "vectors":0,
    "keys":0,
    "name":null,
    "mode":"default"
  },
  "labels":{
    "tok2vec":[

    ],
    "ner":[
      "BODY",
      "CITYMPG",
      "DOORS",
      "DRIVETRAIN",
      "ENGINE CYLINDERS",
      "ENGINE DESCRIPTION",
      "EXTERIOR COLOR",
      "HIGHWAYMPG",
      "INTERIOR COLOR",
      "MAKE",
      "MARKET CLASS",
      "MILES",
      "MODEL",
      "PASSENGER CAPACITY",
      "SELLING PRICE",
      "TRANSMISSION",
      "VIN",
      "YEAR"
    ]
  },
  "pipeline":[
    "tok2vec",
    "ner"
  ],
  "components":[
    "tok2vec",
    "ner"
  ],
  "disabled":[

  ],
  "performance":{
    "ents_f":0.912717179,
    "ents_p":0.9118734593,
    "ents_r":0.9135624614,
    "ents_per_type":{
      "YEAR":{
        "p":1.0,
        "r":1.0,
        "f":1.0
      },
      "MAKE":{
        "p":1.0,
        "r":1.0,
        "f":1.0
      },
      "MODEL":{
        "p":1.0,
        "r":0.9979508197,
        "f":0.998974359
      },
      "BODY":{
        "p":0.9666666667,
        "r":0.9539473684,
        "f":0.9602649007
      },
      "DOORS":{
        "p":0.984962406,
        "r":0.9961977186,
        "f":0.9905482042
      },
      "EXTERIOR COLOR":{
        "p":0.8773006135,
        "r":0.8773006135,
        "f":0.8773006135
      },
      "INTERIOR COLOR":{
        "p":0.8475836431,
        "r":0.8475836431,
        "f":0.8475836431
      },
      "ENGINE CYLINDERS":{
        "p":0.691011236,
        "r":0.679558011,
        "f":0.6852367688
      },
      "TRANSMISSION":{
        "p":0.7703703704,
        "r":0.7675276753,
        "f":0.7689463956
      },
      "MILES":{
        "p":0.9577464789,
        "r":0.951048951,
        "f":0.9543859649
      },
      "SELLING PRICE":{
        "p":0.9449541284,
        "r":0.9686520376,
        "f":0.9566563467
      },
      "CITYMPG":{
        "p":1.0,
        "r":1.0,
        "f":1.0
      },
      "HIGHWAYMPG":{
        "p":0.9636363636,
        "r":0.9601449275,
        "f":0.9618874773
      },
      "MARKET CLASS":{
        "p":0.7529880478,
        "r":0.7682926829,
        "f":0.7605633803
      },
      "PASSENGER CAPACITY":{
        "p":0.7435897436,
        "r":0.7381818182,
        "f":0.7408759124
      },
      "DRIVETRAIN":{
        "p":0.8669064748,
        "r":0.8700361011,
        "f":0.8684684685
      },
      "ENGINE DESCRIPTION":{
        "p":0.9518518519,
        "r":0.9661654135,
        "f":0.9589552239
      },
      "VIN":{
        "p":1.0,
        "r":1.0,
        "f":1.0
      }
    },
    "tok2vec_loss":622.2265614036,
    "ner_loss":5964.4903165993
  }
}